
存储过程和存储函数和C的函数很类似，一次编写之后不用重复编写函数。

## 创建存储过程

语法：

```
CREATE PROCEDURE sp_name ([ proc_parameter ]) [ characteristics..] routine_body 
```

* proc_parameter指定存储过程的参数列表，列表形式如下：[IN|OUT|INOUT] param_name type
 * in表示输入参数
 * out表示输出参数
 * inout表示既可以输入也可以输出
 * param_name表示参数名称
 * type表示参数的类型
* 类型的取值如下
```
characteristic: 
    LANGUAGE SQL 
  | [NOT] DETERMINISTIC 
  | { CONTAINS SQL | NO SQL | READS SQL DATA | MODIFIES SQL DATA } 
  | SQL SECURITY { DEFINER | INVOKER } 
  | COMMENT 'string' 
routine_body: 
    Valid SQL procedure statement or statements
```

## 存储函数

基本语法如下：

```
CREATE FUNCTION func_name([func_parameter])
RETURNS TYPE
[characteristics...] routine_body
```
* CREATE FUNCTION为用来创建存储函数的关键字
* func_name表示存储函数的名称
* func_parameter为存储函数的参数列表，参数列表如下
 * [IN|OUT|INOUT]PARAM_NAMETYPE:IN表示输入参数，OUT表示输出参数，INOUT表示既可以输入也可以输出；
* param_name表示参数名称
* type表示参数类型，该类型可以是MYSQL数据库中的任意类型
* RETURNS TYPE语句表示函数返回数据的类
* characteristics：指定存储函数的特性，取值与创建存储过程时相同

## 变量的使用

1、定义变量
在存储过程中定义变量
```
DECLARE var_name[,varname]...date_type[DEFAULT VALUE];
```
* var_name为局部变量的名称
* DEFAULT VALUE子句给变量提供一个默认值.如果没有DEFAULT子句，初始值为NULL
比如:
```
DECLARE i INT DEFAULT 1;
```

2、为变量赋值
```
SET var_name=expr[,var_name=expr]...
```
比如：声明3个变量，分别为var1，var2和var3
```
DECLARE var1,var2,var3 INT;
SET var1=10,var2=20;
SET var3=var1+var2;
```

## 实例：

```
mysql> create table food(id int(10) not null unique primary key auto_increment,
    -> name varchar(20) not null,
    -> company varchar(30) not null,
    -> price float,
    -> product_time year,
    -> validity_time int(4),
    -> address varchar(50));
Query OK, 0 rows affected (0.55 sec)

mysql> insert into food value(1, 'AA饼干', 'AA饼干厂' ,2.5,'2008', 3, '北京');
Query OK, 1 row affected (0.07 sec)

mysql> insert into food values(2,'CC 牛奶', 'CC牛奶厂', 3.5, '2009', 1, '河北');

Query OK, 1 row affected (0.40 sec)

mysql> insert into food values(3, 'EE果冻', 'EE果冻厂', 1.5, '2007', 2, '北京');

Query OK, 1 row affected (0.41 sec)

mysql> insert into food values(4, 'FF咖啡', 'FF咖啡厂', 20, '2002', 5, '天津');
Query OK, 1 row affected (0.04 sec)

mysql> insert into food values(5, 'GG奶糖', 'GG奶糖厂', 14, '2003', 3, '广东');
Query OK, 1 row affected (0.40 sec)

mysql> select * from food;
+----+---------+----------+-------+--------------+---------------+---------+
| id | name    | company  | price | product_time | validity_time | address |
+----+---------+----------+-------+--------------+---------------+---------+
|  1 | AA饼干  | AA饼干厂 |   2.5 |         2008 |             3 | 北京    |
|  2 | CC 牛奶 | CC牛奶厂 |   3.5 |         2009 |             1 | 河北    |
|  3 | EE果冻  | EE果冻厂 |   1.5 |         2007 |             2 | 北京    |
|  4 | FF咖啡  | FF咖啡厂 |    20 |         2002 |             5 | 天津    |
|  5 | GG奶糖  | GG奶糖厂 |    14 |         2003 |             3 | 广东    |
+----+---------+----------+-------+--------------+---------------+---------+
5 rows in set (0.00 sec)
```

```
mysql> create procedure food_price_count(
    -> in price_info1 float, in price_info2 float, out count int)
    -> reads sql data begin
    -> declare temp float;
    -> declare match_price cursor for select price from food;
    -> declare exit handler for not found close match_price;
    -> set @sum=0;
    ->  select count(*) into count from food
    -> where price>price_info1 and price<price_info2;
    -> open match_price;
    -> repeat
    -> fetch match_price into temp;
    -> if temp>price_info1 and temp<price_info2
    -> then set @sum=@sum+temp;
    -> end if;
    -> until 0 end repeat;
    -> close match_price;
    -> end
    -> &&
Query OK, 0 rows affected (0.37 sec)
```

```
mysql> delimiter;
mysql> call food_price_count(2,10, @count);
mysql> select @count, @sum;
+--------+------+
| @count | @sum |
+--------+------+
|      2 |    6 |
+--------+------+
1 row in set (0.00 sec)
```

```
mysql> show create procedure food_price_count\G
*************************** 1. row ***************************
           Procedure: food_price_count
            sql_mode: STRICT_TRANS_TABLES,NO_ENGINE_SUBSTITUTION
    Create Procedure: CREATE DEFINER=`root`@`localhost` PROCEDURE `food_price_co
unt`(
in price_info1 float, in price_info2 float, out count int)
    READS SQL DATA
begin
declare temp float;
declare match_price cursor for select price from food;
declare exit handler for not found close match_price;
set @sum=0;
 select count(*) into count from food
where price>price_info1 and price<price_info2;
open match_price;
repeat
fetch match_price into temp;
if temp>price_info1 and temp<price_info2
then set @sum=@sum+temp;
end if;
until 0 end repeat;
close match_price;
end
character_set_client: gbk
collation_connection: gbk_chinese_ci
  Database Collation: utf8_general_ci
1 row in set (0.00 sec)
```

```
mysql> drop procedure food_price_count;
Query OK, 0 rows affected (0.00 sec)

mysql> show create procedure food_price_count\G
ERROR 1305 (42000): PROCEDURE food_price_count does not exist
```

```
mysql> delimiter &&
mysql>  create function food_price_count1(price_info1 float, price_info2 float)
    ->  returns int reads sql data
    ->  begin
    ->  return (select count(*) from food where
    ->  price>price_info1 and price<price_info2);
    -> end &&
Query OK, 0 rows affected (0.00 sec)

mysql> delimiter ;
mysql> select food_price_count1(2,10);
+-------------------------+
| food_price_count1(2,10) |
+-------------------------+
|                       2 |
+-------------------------+
1 row in set (0.00 sec)

mysql> drop function food_price_count1;
Query OK, 0 rows affected (0.00 sec)
```